"","Fund_Id","PME"
"1",3,0.914287126487696
"2",9,1.46305569727051
"3",4004,1.81991365042154
"4",12736,0.917017460618491
"5",12737,3.14997899351202
"6",14808,0.943928722566596
"7",33205,1.14478220355528
"8",35614,1.02134733711213
"9",46927,1.75663107271591
"10",56391,1.10489594145175
"11",11,0.8736440253076
"12",14,1.35253057888941
"13",15,1.32894081110935
"14",2243,1.20286561607438
"15",7539,1.38758507667028
"16",18784,0.901461908816329
"17",27,1.43755244673804
"18",28,1.35688496372493
"19",6956,0.992873271417353
"20",11895,0.702288986429679
"21",13585,1.00028156649517
"22",13912,1.09036570627874
"23",18599,1.17091755412489
"24",25765,1.09704772514673
"25",31917,1.21453334730966
"26",37784,1.2496361187139
"27",37785,1.23483737189999
"28",44852,1.04768359457356
"29",44857,1.22517144202164
"30",53197,0.957217372101935
"31",33,0.614054491676766
"32",3490,0.756061102194789
"33",9293,1.35577615897832
"34",39,0.89225649289686
"35",40,0.757978979723247
"36",41,1.92284240895399
"37",11336,0.464250447215687
"38",27114,0.991933803542477
"39",45,0.977425570669623
"40",52,4.21413321426592
"41",54,12.7789571815001
"42",55,0.362577394154167
"43",56,2.95285625994617
"44",58,1.16806420137058
"45",67,1.21200730836477
"46",3609,1.25046215218518
"47",12158,1.52930762784349
"48",15667,1.70717667457986
"49",24199,0.962433054983022
"50",29204,1.3398175350746
"51",37379,1.19488290328576
"52",43430,1.20602643035032
"53",49884,1.17726213727353
"54",50598,1.31184034424294
"55",75,0.400947403527467
"56",76,0.843660043364021
"57",8344,0.368693528852295
"58",86,2.25788867457117
"59",862,2.59495344604522
"60",5392,2.0831962514607
"61",10743,1.08714473547554
"62",12909,1.39467438664863
"63",13197,0.43192656846383
"64",16101,0.773663238452767
"65",30192,1.28848688084633
"66",45900,1.22046593472656
"67",93,2.07245844213185
"68",1773,2.21083749426814
"69",1775,2.08617899607229
"70",5580,1.04175448437313
"71",15765,1.54538319017234
"72",117,2.16131851561336
"73",128,1.10670559690436
"74",130,0.20752246508074
"75",131,0.51906651869135
"76",133,0.198378118121536
"77",136,1.62332639685832
"78",137,1.02805962208036
"79",138,1.45623599052828
"80",139,0.657557965540757
"81",140,0.968619779837058
"82",2225,1.09995253464559
"83",8064,1.49630914236711
"84",142,0.575552141528936
"85",143,0.851388496293791
"86",144,1.05288932311319
"87",145,0.62672705128015
"88",150,1.30762445271236
"89",154,0.907161662836675
"90",27915,1.01417207946001
"91",53503,1.00921284893011
"92",158,1.41209215774891
"93",2124,2.65968652636036
"94",10199,1.22476548539983
"95",21854,1.01862661958266
"96",159,2.57230649868096
"97",160,2.22104713663359
"98",2125,0.953589605262188
"99",6473,1.70626168675528
"100",19133,1.72870911136149
"101",163,1.42451452049288
"102",167,1.23864883405828
"103",169,1.81939664429199
"104",174,0.682153183459493
"105",182,2.13170246236822
"106",726,1.39066068314345
"107",729,1.66691006594087
"108",1684,0.889759368177803
"109",4675,1.29738015115733
"110",8796,0.968877905380979
"111",8798,1.39775763934913
"112",22284,1.17617213974773
"113",56864,0.990379142221108
"114",166,1.0199103914563
"115",177,1.50825977264146
"116",16142,1.15660585613462
"117",190,3.51264433405719
"118",192,0.285290261949953
"119",7126,0.827873083342518
"120",194,1.64392018737226
"121",195,1.77630785475877
"122",5921,1.14339589628788
"123",7556,1.03781498695976
"124",10704,1.16968391790511
"125",33882,0.977936130554245
"126",203,0.26820222663693
"127",3396,0.62372582494691
"128",10948,3.21349079446311
"129",47716,1.65250147857603
"130",205,1.27196975219927
"131",7521,1.56026158337874
"132",13715,1.19307996914315
"133",29491,1.15776137271809
"134",209,1.35614160516307
"135",7249,1.06113945641232
"136",24001,1.68536918405752
"137",210,0.530311080220468
"138",216,0.484018579423508
"139",223,0.709809070970059
"140",5626,0.941721810503621
"141",15305,1.49066554908232
"142",226,1.31567204468252
"143",3669,0.232478086043236
"144",5530,1.67991175958191
"145",10809,1.18791211024118
"146",17043,1.20318948283925
"147",55929,1.06593853542705
"148",229,0.958490531941186
"149",230,1.24858878074155
"150",4174,1.04124663897004
"151",236,4.3724199886974
"152",237,1.87926793180895
"153",238,0.584735800296639
"154",239,0.694462128156412
"155",240,1.08359646937746
"156",5429,0.817846698438915
"157",12918,0.916223979918189
"158",246,0.878579118543591
"159",5173,1.54672043635827
"160",7511,1.28048782701901
"161",8941,0.917107547693749
"162",10223,1.00707191018785
"163",13162,1.43626427869264
"164",20390,1.41512928867259
"165",31252,1.29304742249909
"166",53185,1.03072572844071
"167",251,1.58763242876922
"168",15225,0.794094592657516
"169",255,0.85120552818341
"170",259,1.7656216048286
"171",260,2.1702814867483
"172",2066,0.741152416599801
"173",6920,0.752645230775634
"174",13800,1.15985128128232
"175",47576,1.0298379083882
"176",272,1.35554259154913
"177",278,1.52909224530308
"178",279,1.16112145542213
"179",4568,1.56542472666692
"180",10357,1.48055746137514
"181",16663,1.88487826111541
"182",36829,1.07809578779397
"183",281,1.34535417400509
"184",6002,1.40180042470292
"185",283,3.15564916148029
"186",284,2.37355521184542
"187",3976,0.930222832269434
"188",18795,1.11863854728891
"189",295,1.21177137569199
"190",296,1.20738934981387
"191",297,1.46228227318148
"192",302,1.28947597477142
"193",304,1.67195582221795
"194",306,2.10305861744713
"195",307,1.96814756196005
"196",308,2.34914530457525
"197",309,2.44299338133469
"198",8335,1.37917552012464
"199",21341,1.13552413245122
"200",318,1.58742999497053
"201",319,1.75820273027791
"202",320,2.04194777507762
"203",321,1.11731644854203
"204",5495,1.15810555113065
"205",325,0.823193057369781
"206",326,0.825750187655587
"207",327,0.402810314149927
"208",328,0.718224376798539
"209",333,1.5904681954205
"210",6277,1.00607875487999
"211",334,0.435433521297653
"212",335,0.635221458568494
"213",339,1.29971297491235
"214",345,0.496775715557226
"215",346,0.874063490549804
"216",348,1.42115444680136
"217",2127,0.669437561346828
"218",3608,1.07310835782789
"219",29565,1.01255499035009
"220",350,1.31347449974612
"221",352,3.08483623234191
"222",353,4.23204924567241
"223",354,0.601161895831754
"224",356,1.3849844137509
"225",5254,0.957759645987406
"226",11651,0.983899661166542
"227",376,1.72943034979639
"228",7493,0.802447306780556
"229",377,1.3916279528242
"230",382,1.0254657868181
"231",8063,1.5917776134804
"232",16813,1.92944357187818
"233",42518,2.10538316098481
"234",55356,1.12182600667998
"235",384,1.78134735818733
"236",386,1.64508058052883
"237",387,2.09815362440336
"238",2164,1.30437273105418
"239",388,1.10120155931021
"240",5604,0.394116442078071
"241",391,1.91173812670116
"242",9647,0.684516935400059
"243",23470,0.700151819870162
"244",402,1.87600288477725
"245",403,1.3167435490352
"246",8448,0.887524392751947
"247",406,2.56102365336017
"248",417,0.813805966360122
"249",2093,2.50036490832651
"250",5199,1.68420376681284
"251",7568,0.722581522505764
"252",7811,1.33441634537631
"253",8675,0.955404059204347
"254",8676,1.17447084446649
"255",8679,1.04977488210143
"256",10274,0.966856752627519
"257",11631,1.01587615559376
"258",15253,0.667241898295619
"259",15707,0.866886635495873
"260",30101,1.01204879192722
"261",51127,0.871842232023019
"262",5947,0.76137403730334
"263",13168,1.16115530185582
"264",420,0.320139486521231
"265",424,1.2431586394147
"266",11535,0.997944181822411
"267",435,0.688007065245393
"268",437,1.20632449353757
"269",438,0.720848159889147
"270",446,1.2649713488823
"271",447,1.5144484688964
"272",460,1.82763393857825
"273",461,1.89406865346356
"274",463,1.45572402206374
"275",6732,0.760252672447395
"276",13554,1.06675015860957
"277",476,0.421845724269458
"278",481,1.05705979943245
"279",493,0.464798985363775
"280",497,1.21805606265645
"281",498,1.67462405037867
"282",499,1.72821131234892
"283",5637,1.22169203486798
"284",19089,1.3897551512522
"285",500,1.90923609681684
"286",7666,1.18953487448365
"287",29317,1.15385271118324
"288",505,0.931627873869989
"289",506,1.23488055783052
"290",4933,1.14531161879712
"291",10727,1.37555958024454
"292",508,2.99507825601481
"293",509,0.28290474830743
"294",4341,1.0537577799149
"295",512,2.01612201839186
"296",513,1.46659846148032
"297",514,1.46422896005455
"298",5081,1.31414864389629
"299",520,1.35545818263269
"300",521,1.49207211311041
"301",522,1.17629377335772
"302",7626,0.976873843065628
"303",16394,1.10741266007443
"304",47797,1.03848731181066
"305",525,0.872231694971229
"306",526,1.06012766044133
"307",6923,1.74709458137175
"308",17945,1.44856740319361
"309",549,0.571704004603864
"310",550,0.686956743377351
"311",552,1.44064817282794
"312",555,0.690777145600762
"313",556,1.86690811801774
"314",5565,1.42525337504966
"315",21449,1.90100194619258
"316",54596,0.734641497050742
"317",557,1.14953962078065
"318",558,0.274643028295218
"319",559,1.01393243136402
"320",560,0.402947473914524
"321",561,0.384191648409312
"322",568,0.732137441729259
"323",578,1.58608364391866
"324",623,1.59549481290844
"325",4402,0.998982790392988
"326",7305,1.02342804217672
"327",13446,1.12564723842165
"328",13447,0.942928844056796
"329",22632,1.17741948212746
"330",22989,1.30571972340337
"331",43146,1.23709059252421
"332",56230,1.28119720698752
"333",583,1.67352268590513
"334",584,2.12222263453011
"335",3972,0.500835175195803
"336",5696,1.58992560509408
"337",8743,1.03419947203949
"338",10396,1.09795144209768
"339",11420,1.30698719028251
"340",26322,1.21070729671265
"341",590,0.901902144560399
"342",591,0.756652561043946
"343",618,1.18094944931619
"344",619,1.76355988659968
"345",5339,0.680652787469059
"346",629,0.651753470840943
"347",632,1.84817530267084
"348",633,1.8420078917876
"349",634,1.21783876005068
"350",8799,0.831513356335045
"351",639,0.453615043915689
"352",15257,0.805891128290609
"353",44342,1.36261872928606
"354",650,0.810579532530409
"355",5607,0.558183007538417
"356",15631,1.5346585431327
"357",654,0.594897731544432
"358",657,2.11621439636824
"359",658,1.51085530709107
"360",659,0.56807253217631
"361",660,0.752906188004733
"362",677,3.53765988230474
"363",680,0.0480051049959108
"364",694,1.23925379464819
"365",695,1.01901228845753
"366",2139,0.340787557727598
"367",4022,1.03654713477826
"368",8235,1.06412854652982
"369",12407,0.631524779796153
"370",696,1.26881620808921
"371",697,1.27200746826652
"372",14274,0.679057426124251
"373",717,1.03771000534377
"374",718,1.55925136947388
"375",721,0.432383075290933
"376",1479,2.38365485972742
"377",10319,0.692839696039573
"378",735,0.417672047827598
"379",736,0.549311968685187
"380",738,0.850810781342137
"381",7494,1.19671105449064
"382",745,0.701997631944777
"383",746,0.828258817378271
"384",5891,1.10592898811618
"385",748,1.41332489879216
"386",772,1.035549380564
"387",3478,0.386413689393404
"388",785,1.93403250129648
"389",5300,1.00928601011736
"390",790,2.29061378015306
"391",2248,1.31753560447919
"392",5435,0.779272153546109
"393",7880,0.667427720520985
"394",10482,0.777235628840724
"395",793,0.355229500830863
"396",795,1.46886113266593
"397",7512,0.828907503574239
"398",40434,1.01847633300875
"399",796,1.4490885807121
"400",798,1.6021574812007
"401",799,1.07647953068672
"402",5512,1.22508833590371
"403",16179,1.51733432224464
"404",51020,1.37271622377029
"405",802,1.13217580196161
"406",803,0.413445659410892
"407",804,0.783554169525355
"408",5385,1.37065647766587
"409",11015,1.1833458043073
"410",29325,1.77484053628538
"411",57413,1.31478214541307
"412",807,0.671608410071657
"413",10747,0.911417642456285
"414",810,0.703093653187263
"415",811,1.43973919786028
"416",812,1.14806514841821
"417",813,0.862438868937441
"418",814,1.24068685226358
"419",816,1.93123132662946
"420",15699,1.30334412883322
"421",38952,0.806044381404208
"422",824,0.848594089641567
"423",3347,1.30079126365075
"424",9727,0.749104056599909
"425",843,1.25254783189049
"426",847,1.5143732368514
"427",5212,1.20283679073002
"428",24983,1.27535491517119
"429",848,0.970966217637553
"430",849,1.17083433545333
"431",867,1.1695682773484
"432",1071,0.466402111339167
"433",8279,1.37798290688682
"434",6483,1.13413013233016
"435",7285,1.12828671107953
"436",13502,1.04568171977471
"437",38647,0.970417525973611
"438",871,3.84417620767131
"439",873,2.84432131140074
"440",874,1.20963321033213
"441",875,1.52320406380626
"442",911,2.29418800209005
"443",912,0.838114140290274
"444",2068,1.5387202168415
"445",7606,1.19482475536866
"446",20206,1.36764671887469
"447",37248,1.26607173112006
"448",885,1.13755341789029
"449",886,2.24640664014769
"450",2306,1.52126186883202
"451",8490,1.40346636347982
"452",25876,1.23126124049768
"453",896,1.04052249911859
"454",902,1.03280328865094
"455",903,1.88388370534881
"456",904,0.879776590847473
"457",5059,2.38744829896815
"458",8250,1.08154641140717
"459",916,1.30258810371936
"460",917,0.203315121308906
"461",918,1.14571447167645
"462",22824,0.677250450604075
"463",927,0.785582760145953
"464",928,1.38332520649515
"465",929,1.33287189048091
"466",932,0.783441463682411
"467",938,1.59851439841805
"468",940,1.04790380677693
"469",941,1.10857138864378
"470",944,1.30031465989799
"471",945,1.00731168202517
"472",1305,0.789962030789874
"473",2155,0.936970826409065
"474",3488,1.09961038095121
"475",4092,1.51120649289714
"476",5878,1.59622781193521
"477",5910,1.02737271487012
"478",6645,0.91045940898206
"479",8835,1.10116121964981
"480",8836,1.12008818183958
"481",8987,0.980713660824196
"482",9831,0.932774820428324
"483",10707,1.05079992761339
"484",13494,0.842099192885808
"485",13807,0.94650957734347
"486",15400,1.35871831312624
"487",15408,1.27259951598093
"488",16208,0.709782379987124
"489",19139,1.02545631027713
"490",22466,1.22231145253549
"491",32548,1.24276834932002
"492",33075,1.2101357497878
"493",53563,1.24501372955682
"494",53564,1.35940944707044
"495",53859,1.02902159613484
"496",948,0.633535756808116
"497",949,1.80760189023492
"498",8166,1.32997041016219
"499",22530,0.954728655103566
"500",958,1.27426219226725
"501",959,1.45757153402864
"502",960,2.44332218984401
"503",4073,2.40566479068455
"504",8570,1.40588004602953
"505",14798,1.74249642436669
"506",968,0.67134913426391
"507",969,0.814898074885139
"508",970,0.45066989180714
"509",977,1.07431271707403
"510",979,0.433918696299653
"511",981,1.29609592152913
"512",10917,0.529318711277928
"513",990,1.04816933595126
"514",991,1.34836580829332
"515",6718,0.798049990153182
"516",10312,0.449045468463193
"517",16511,0.79152916914934
"518",36770,1.37894623386673
"519",992,0.40106585001553
"520",11195,0.739953097917412
"521",997,0.795125390112563
"522",998,1.63472767827333
"523",1000,0.834173377036147
"524",1002,1.12403027064092
"525",4262,1.20291988456949
"526",12247,1.51541609222759
"527",34604,1.05647795675186
"528",52105,0.934975724079523
"529",1010,0.93889864034323
"530",1015,1.3994629289891
"531",5477,1.02742343587176
"532",35652,0.697204279402281
"533",1021,1.64425979410939
"534",5557,1.67369594282327
"535",1028,1.46541745156734
"536",2058,1.4441883156913
"537",1036,0.317822461905545
"538",1039,0.0903086915019438
"539",1043,2.94437192066942
"540",1044,4.90586493338045
"541",1045,1.09817531347029
"542",3586,1.21130780986435
"543",9957,1.78751777603327
"544",20428,1.02573060467465
"545",30573,1.1541766954265
"546",52994,1.24944503996136
"547",1051,0.647670314551999
"548",2071,0.863679361626778
"549",7882,0.0934859291355583
"550",1053,0.908279583105711
"551",1054,2.34167226236627
"552",1055,2.49033784626751
"553",1056,0.672936729278618
"554",1057,0.52470644250696
"555",2647,1.60240940820151
"556",3735,0.723512581367904
"557",4563,0.887211432427753
"558",1068,0.82351509029803
"559",1075,1.32132659345811
"560",1077,1.39440186629017
"561",1081,1.74401056763214
"562",1082,1.08778439880813
"563",5572,1.11700322650547
"564",12790,1.27310006810076
"565",1086,1.22921495750793
"566",6191,0.918015139334614
"567",9973,0.93080910658263
"568",11852,1.0282001611876
"569",11855,1.17617687973533
"570",42648,0.902531395358326
"571",1102,1.6468218251884
"572",1103,1.82963924894513
"573",1104,1.28168856404527
"574",3515,1.33158651452202
"575",10881,0.760902953159059
"576",39468,1.30829051246467
"577",1107,0.0686096019820817
"578",1110,0.0159876839832906
"579",1113,1.45844829212541
"580",3176,0.520075634522251
"581",1116,1.78249578054047
"582",1122,1.4606194232023
"583",1124,1.41020903582088
"584",5156,1.09686509363427
"585",7230,1.26543712126311
"586",8930,1.11353236173066
"587",10127,0.991349000637298
"588",15533,1.32863609784198
"589",16471,0.532873589806971
"590",20312,0.65857890153225
"591",27414,1.1478066106805
"592",37931,1.20921023806418
"593",53986,1.02651952571481
"594",1130,1.84761758703199
"595",1131,14.1218720843297
"596",1135,1.79339638587967
"597",1136,0.531498786233394
"598",1141,0.923526300992164
"599",1142,0.785723210236477
"600",3755,0.85237229963843
"601",7413,0.956500987307239
"602",12409,0.796994916001052
"603",31633,1.6888968096659
"604",1146,1.0820750147578
"605",4857,0.918355345141447
"606",10682,1.25603543840714
"607",23965,1.03298369025775
"608",1151,2.19592378053763
"609",5566,0.764912788232083
"610",10678,0.949854693508073
"611",1155,1.714119605873
"612",1159,1.5813214454416
"613",1160,1.07692198418561
"614",1161,0.996915548704233
"615",1162,1.00794378172849
"616",1163,1.30597627404532
"617",3167,1.34045155111123
"618",6455,1.0394931297778
"619",13003,0.872360244803016
"620",35334,1.11412759037757
"621",1167,0.770656983316094
"622",1170,0.685317271387359
"623",1171,0.747855241534534
"624",1173,1.37263381166237
"625",1175,1.05619959624792
"626",10854,1.0410505727947
"627",1185,0.813699256699873
"628",1186,1.08794019004017
"629",10318,0.928974845526043
"630",23291,1.07152552807773
"631",35670,1.05658241890654
"632",1190,1.01504452600623
"633",1191,1.29748598722563
"634",1192,1.24587978294665
"635",1193,1.5700842483362
"636",1194,1.35688230333471
"637",5335,1.18021278846629
"638",5344,1.03111260918764
"639",11435,1.12869896256217
"640",11436,0.98464698354128
"641",36125,1.27145093942996
"642",40651,1.29123917803991
"643",1203,1.878
"644",5481,0.931783231349499
"645",21812,0.942581781356906
"646",1204,1.93791444982068
"647",8265,1.07429924998054
"648",13551,0.842773494833901
"649",45890,1.24596632097137
"650",1205,2.31359394826231
"651",2151,2.11794135409346
"652",5931,1.0476361907115
"653",23728,0.97738517673166
"654",1206,1.36210619772724
"655",5387,1.96746107560676
"656",16005,1.10384150818849
"657",44300,0.960728980121802
"658",1209,1.92334900244861
"659",3331,1.54257732161484
"660",11861,1.08578569357782
"661",32728,1.56479052121283
"662",1211,1.36901621546735
"663",1823,2.16602045028161
"664",5958,1.45864356336474
"665",30255,0.97046950702587
"666",1228,1.60763536958134
"667",1229,2.06064763063385
"668",1230,1.56033609673218
"669",1231,1.41694174107516
"670",5531,1.16070630100836
"671",10972,1.28899102525436
"672",46260,1.05215235929678
"673",1237,2.88250717087661
"674",5235,2.25314427326615
"675",19010,1.14693711002278
"676",1240,11.5057756127303
"677",1241,17.9744450177735
"678",1242,1.22865369272728
"679",1243,1.2350386831901
"680",1245,2.12611184784217
"681",1246,1.35222875570975
"682",1247,2.01548795349811
"683",1249,0.511744243133106
"684",14146,0.693029214221279
"685",31727,1.72849047701177
"686",1253,0.84303720225571
"687",1254,0.74837889784847
"688",1256,0.835814073298431
"689",1257,2.09214964090302
"690",7614,1.49795231092826
"691",1265,0.779940223710591
"692",1267,0.830699673155094
"693",1268,1.65643899837212
"694",1269,3.86282734226077
"695",1270,0.495129701214604
"696",5844,1.24802239963856
"697",21020,3.73373712717101
"698",47411,0.942845848151218
"699",1283,0.570859087183745
"700",1284,0.200140163830755
"701",1286,1.50011055118148
"702",10311,1.0049192917887
"703",14533,1.12463116737156
"704",22928,1.06080486019299
"705",1298,0.90025235832981
"706",1303,0.471186431160858
"707",1325,2.01548056490313
"708",1326,0.845309388814994
"709",5268,1.46729114715816
"710",1328,1.61139781489842
"711",1329,1.73609350375227
"712",1330,0.546053130833645
"713",1331,0.675947264155948
"714",2133,1.64554401164849
"715",5870,1.1358836099177
"716",13721,1.48870220047969
"717",1338,2.06828395177308
"718",5765,0.693811461418802
"719",1339,1.66923985542914
"720",33835,1.71284141538292
"721",1346,0.456564607937268
"722",1349,0.443916233014753
"723",1350,1.72113267447577
"724",1352,2.64337393504777
"725",1354,1.54064012251969
"726",1356,0.96522333756464
"727",7510,0.965721852860716
"728",30864,1.43244516576566
"729",48357,1.42440534314058
"730",53785,1.31819560058698
"731",1357,1.09211806125489
"732",4830,1.60317255148374
"733",10053,1.16598625047659
"734",34882,1.28966952997285
"735",1364,0.848325220191863
"736",1369,3.94960935818517
"737",1370,2.58142817525107
"738",2937,2.27199085878373
"739",7015,1.25685703465888
"740",11930,0.808118954926702
"741",26535,1.06398126979407
"742",1386,0.149529205710969
"743",1389,1.68783236309327
"744",4924,1.35870106982083
"745",11434,0.850917626386369
"746",38012,1.22434355840205
"747",1392,0.625362555809843
"748",1393,0.826315642508137
"749",1394,1.60182225690153
"750",1396,1.66086457574726
"751",1397,0.934841573615607
"752",4500,0.691011954181994
"753",8057,0.669961910166328
"754",15537,0.778217425067401
"755",1410,0.791809680135884
"756",1413,0.330925215535132
"757",1414,0.198514269772492
"758",7415,0.306602671544239
"759",1416,1.5462854123058
"760",1417,1.58298153039678
"761",3646,1.14531710118011
"762",10679,1.12008584596225
"763",35771,1.17067250459638
"764",1420,1.3853598529696
"765",1421,0.340906257096438
"766",1426,0.346246369571305
"767",1427,0.459927085789655
"768",8190,0.183294412042743
"769",1451,1.30108146955796
"770",7953,0.856107456288206
"771",8195,1.01406023856586
"772",8942,1.02838175830405
"773",12152,1.13169870687276
"774",12153,1.12495506966231
"775",12251,0.927770623920396
"776",14366,1.05933001060507
"777",17906,1.1284682660796
"778",18319,1.12314520186426
"779",20549,1.14667781159294
"780",22996,1.1634100264777
"781",27962,0.867596149526499
"782",37786,1.09146837247003
"783",1456,1.10716393650883
"784",1457,1.14007405454905
"785",8943,0.992242967394826
"786",11697,1.19209373529193
"787",18874,0.618456824017092
"788",21693,1.10910310175922
"789",35874,0.770943510905091
"790",1459,1.33149279235681
"791",5193,1.1558505749938
"792",24620,2.34919197479698
"793",1466,1.41281290592618
"794",10224,0.635332026810315
"795",19807,1.10943608269055
"796",1488,0.772777407610377
"797",1501,0.131805111817791
"798",1506,0.511997402059165
"799",1507,0.384695861401111
"800",3499,0.736166221760425
"801",31187,0.719071817486829
"802",1514,0.635762968498819
"803",1515,0.838043488632075
"804",7490,0.985172115708702
"805",18819,1.70485312215167
"806",48719,1.13418452770568
"807",64020,1.06130985898419
"808",1516,2.15910795866614
"809",8259,0.816902616233314
"810",14960,0.741975994125435
"811",1517,1.20961539742962
"812",4856,1.03174539999143
"813",11098,0.854586306138106
"814",1526,0.993847747730966
"815",1527,1.26061419711029
"816",1528,1.65032664533403
"817",1529,1.07592507661231
"818",1530,1.35944263253248
"819",10860,1.2322648648555
"820",29076,1.8098777227513
"821",1531,0.933417467437346
"822",1532,0.701592396444897
"823",1533,0.864922758298637
"824",1534,0.358062765703432
"825",1535,0.629032298632513
"826",1538,1.06010603812734
"827",1539,1.13675411907444
"828",14470,0.975609349238183
"829",16702,1.33608515347857
"830",16704,0.999198301060295
"831",18287,1.11602426290959
"832",18322,0.880761399599064
"833",24548,1.07145860259234
"834",27880,1.25235112400616
"835",27884,1.12108373436588
"836",27885,1.25082856491989
"837",38278,0.886831982066541
"838",48871,1.03066827307171
"839",55264,0.967665005818542
"840",55266,1.04325638601449
"841",59929,1.15542810205199
"842",68753,1.06811093485979
"843",1555,0.679022118952822
"844",1556,1.1556172221152
"845",5346,0.691347395936957
"846",1558,1.466523740791
"847",1560,1.13982392939787
"848",1561,1.61876896017498
"849",4466,0.887228940528962
"850",8807,0.815955182588023
"851",20678,1.30889595373134
"852",1566,1.52651664744258
"853",7288,1.1000621275783
"854",21440,1.50185638532453
"855",1571,1.03886214826068
"856",1572,0.938861705195817
"857",1583,0.825863837034259
"858",1584,1.20031927957993
"859",1593,1.33461190243433
"860",28673,0.955096368835714
"861",1602,0.881959917090385
"862",1604,1.7612151033066
"863",1605,0.795816008675505
"864",1609,1.10197321632217
"865",9693,0.822910811063276
"866",46293,1.12083207278414
"867",1633,1.6398058666246
"868",2280,1.21903913303491
"869",3194,1.43390401475374
"870",7464,1.12478114213857
"871",24705,1.39302270860366
"872",1638,0.902418914328304
"873",1639,1.02616567351129
"874",6370,1.17030380657858
"875",45275,0.910638297093951
"876",1641,0.781120862994251
"877",1645,2.11419429391328
"878",1652,0.561318867131105
"879",1653,1.04527412497336
"880",1663,5.47230335479231
"881",1664,0.929201482935675
"882",1665,1.80245897363082
"883",1666,0.127151053704906
"884",1667,0.854167079553335
"885",1674,2.65084972118447
"886",1677,0.66676220035708
"887",1681,1.98138317599402
"888",3643,1.41587400307592
"889",7667,0.799013486200256
"890",8812,1.3091102332241
"891",28217,1.45302341316177
"892",1687,0.144352656968424
"893",1716,0.326074909526968
"894",1726,1.21549068893412
"895",5364,1.93769865525979
"896",15496,1.21213468733376
"897",42362,1.77126663180976
"898",1730,1.2167996892662
"899",1731,1.2140760470893
"900",1732,1.55598930427386
"901",1733,0.984711110541397
"902",1734,1.10156483689257
"903",1735,1.20375999744763
"904",1736,1.00514810244218
"905",7099,1.38053694672798
"906",14475,1.2982977720483
"907",32218,1.23255996223594
"908",59398,0.998050107750855
"909",1743,0.826184121395955
"910",4873,0.985348260261487
"911",5825,0.90425190728709
"912",10225,0.817625525601225
"913",22878,0.719458181415286
"914",1744,0.71545156079672
"915",1747,1.75743814803112
"916",1752,2.33125955131348
"917",1753,4.52641130764894
"918",1754,1.36166876919515
"919",1755,1.62922318434714
"920",5567,1.22029345576897
"921",5850,1.37245264642544
"922",12245,1.2991038133835
"923",23259,1.33600517374051
"924",23260,1.33588702979762
"925",1771,2.5587950408088
"926",1817,1.74982967078295
"927",1818,1.53944875290915
"928",1819,2.08610996447022
"929",7083,1.07834315884498
"930",9137,1.06570525961592
"931",10777,0.840583135817716
"932",13124,0.935898455253142
"933",22641,1.43587621792063
"934",36616,1.24099421199973
"935",1781,0.289298091790911
"936",1783,1.28540301016785
"937",1784,1.1017582531851
"938",1790,0.65330480558263
"939",1791,0.942069627347967
"940",5489,0.956894686823644
"941",1796,1.30499128581892
"942",1797,1.62225170172599
"943",4054,1.38145044185936
"944",6716,1.45212340312386
"945",11196,1.59178835205065
"946",33239,1.15498508479022
"947",1800,1.1735253683209
"948",1801,0.533202677387209
"949",1802,0.371843974993458
"950",1803,0.858045908058185
"951",1804,0.52360708810951
"952",1805,0.323601061707741
"953",1811,0.0687824226471587
"954",1812,0.1040376559274
"955",1814,1.29632101570939
"956",1815,0.473540032594365
"957",5456,1.44928020278868
"958",1827,2.00007065425652
"959",6241,0.956476374346161
"960",37375,1.321439593916
"961",1828,0.798150618053265
"962",1829,1.71140355500602
"963",7116,2.17500547916537
"964",12358,2.44189666696211
"965",25581,1.80342357481737
"966",41042,1.70209883843671
"967",45686,1.60841122789881
"968",52944,1.28938601591342
"969",56925,1.08713284420911
"970",56945,1.2344395170864
"971",1832,1.46050952318741
"972",1833,0.918585606003897
"973",1835,1.36101676501821
"974",5670,0.957439441153253
"975",32563,1.13097628468761
"976",1839,0.664334731613617
"977",1842,1.50291148692932
"978",3771,0.807521280862911
"979",1843,1.6391154953876
"980",1848,1.05926368143559
"981",2285,1.27350190442201
"982",7966,0.789852941155469
"983",14818,0.739758841923062
"984",1851,1.38574266784325
"985",5372,0.880278761799206
"986",13878,0.949309509524815
"987",1855,0.92640134575669
"988",6242,1.17472472231818
"989",15452,1.18166186795824
"990",32631,0.959850363420185
"991",1858,0.815020823948673
"992",1882,1.72740540527353
"993",1883,1.27218908433553
"994",1884,0.370576169295188
"995",1885,1.00449328601433
"996",1893,0.396116011538363
"997",1894,0.753264585891855
"998",6921,0.223780610915333
"999",8723,0.64112160446168
"1000",12890,0.125331366502946
"1001",1914,0.621113094289441
"1002",1919,1.78920784052418
"1003",1920,1.10261660575708
"1004",1923,1.02624275207513
"1005",1924,1.54367139548003
"1006",1925,2.2356673056552
"1007",20597,1.48959120179922
"1008",1933,2.03066373521619
"1009",1935,1.34303176801758
"1010",5165,0.564103679233056
"1011",1941,1.76812122745738
"1012",1942,1.50970106273664
"1013",1943,0.98342071852781
"1014",1944,1.62187701010925
"1015",5082,1.51514699267756
"1016",7449,1.53038586546104
"1017",10145,0.904519311431124
"1018",24938,1.05766254736428
"1019",51039,1.00712937673589
"1020",60401,1.24866721969322
"1021",1958,1.37533737346862
"1022",1959,0.994021114093955
"1023",1960,1.56196797563203
"1024",1961,1.31709665523633
"1025",3733,1.27716441084012
"1026",5449,1.19506139266158
"1027",11359,0.991632277427241
"1028",43832,1.28486703353916
"1029",1965,1.66097684585847
"1030",6409,1.01049877391741
"1031",16485,1.20640001614023
"1032",1967,2.25344859064574
"1033",1968,1.29496897527185
"1034",1969,0.96887589702739
"1035",5407,1.75062918282965
"1036",1973,1.18779204293466
"1037",1979,1.32833969042734
"1038",5500,0.68544624260905
"1039",19686,1.15936331355257
"1040",1980,1.13711135597814
"1041",5239,0.88046738205351
"1042",22889,1.18583989065762
"1043",1981,0.361935431126819
"1044",1983,1.15218359103525
"1045",1988,1.79031997590863
"1046",1989,0.602559920640099
"1047",1990,0.894142615096708
"1048",5529,1.75172500525564
"1049",1992,1.34387429199718
"1050",6654,1.03387369103333
"1051",10842,1.11978831389771
"1052",12196,0.884153094433607
"1053",12212,1.31948301121934
"1054",12213,0.921532228984189
"1055",1993,1.74097087462963
"1056",1995,1.92671036871921
"1057",1996,1.0060247127443
"1058",5652,0.930619959674049
"1059",12288,1.31287535428831
"1060",54456,0.952067412026368
"1061",2001,2.85841248733416
"1062",2002,1.91554125005911
"1063",2003,0.1594452946194
"1064",2004,0.448036647993051
"1065",2006,0.536052216220389
"1066",2011,0.659686818325077
"1067",2012,0.799276564374978
"1068",6246,1.00649303390639
"1069",13700,2.04358538281516
"1070",29218,1.71696604214435
"1071",45450,1.25911326506924
"1072",45702,0.935254749167215
"1073",2070,0.233964660269547
"1074",8801,0.651205668153526
"1075",2110,1.41590686325339
"1076",5256,0.280842600498805
"1077",8167,0.253860228695842
"1078",2111,0.380774314886794
"1079",2126,0.046242484081587
"1080",2129,2.55104402206184
"1081",2130,1.56814700200901
"1082",2131,2.90713052060863
"1083",9975,1.6823231482341
"1084",40981,0.185419355026275
"1085",2132,0.900686598805425
"1086",2134,2.23759341567987
"1087",2136,0.750820389704546
"1088",2141,0.980546107409426
"1089",2144,0.577915383710659
"1090",2168,0.591467761819639
"1091",2182,0.324258655560946
"1092",2175,0.935409690397353
"1093",2176,1.21134507000833
"1094",2177,0.105429577018467
"1095",2180,0.391647716030992
"1096",2215,1.75638212665579
"1097",2222,1.14845112688068
"1098",2256,0.908158281564879
"1099",4421,1.0628789232199
"1100",8423,1.59227967459689
"1101",15829,0.714618478100872
"1102",41609,1.4793735426092
"1103",50011,NA
"1104",2262,0.650113374219312
"1105",2273,0.956648156952565
"1106",8888,1.19591023082118
"1107",2275,1.03840620039299
"1108",2276,1.79179632503367
"1109",2283,0.493353629982832
"1110",2662,0.688722369926166
"1111",8528,0.415027461562891
"1112",11919,0.781441011331026
"1113",2290,0.298568489802088
"1114",2301,0.577242306108431
"1115",2302,0.862381727834706
"1116",5699,0.0870399607266902
"1117",2324,0.696361662005133
"1118",36245,1.01583709184626
"1119",2326,0.56789899363913
"1120",2327,0.575653955314787
"1121",16905,1.60578118640621
"1122",2355,1.28201447879525
"1123",2380,1.93242242583842
"1124",10486,1.1332271110744
"1125",2390,1.39467465366754
"1126",8054,1.61053040170927
"1127",2397,0.851107713452461
"1128",5152,0.747114660567614
"1129",5933,0.719329426674985
"1130",2406,1.27475555926976
"1131",5408,0.0870203723368971
"1132",2407,1.26464770672139
"1133",4224,1.24119807849837
"1134",7982,0.829861859614163
"1135",2408,0.737375854181652
"1136",5651,0.862746455915245
"1137",13041,1.08428602757629
"1138",18975,0.299932815524853
"1139",20201,1.34414781513638
"1140",40989,1.35425367011121
"1141",2411,0.929994080648895
"1142",2447,0.323765066783541
"1143",2449,0.36828062738041
"1144",2483,0.716546368878432
"1145",2514,0.272704386552043
"1146",2515,0.698561428261001
"1147",3881,0.642736425728775
"1148",6563,0.59962632402741
"1149",8733,0.74198748115291
"1150",2535,1.56942724471669
"1151",3879,1.22875026641763
"1152",3880,1.44528656491459
"1153",3882,1.19682030861837
"1154",6562,0.928980967093516
"1155",14925,0.602702946499016
"1156",36825,0.976000538264051
"1157",2553,0.968564646155445
"1158",2554,1.40705381379427
"1159",5984,2.43954094314651
"1160",10112,1.30234444668967
"1161",21990,1.54181533671715
"1162",38176,1.27626854532651
"1163",51076,1.56235493118973
"1164",2556,0.394571552267433
"1165",2563,1.68161991476165
"1166",7240,1.143395546074
"1167",23137,1.01588159113839
"1168",2569,0.628701849830023
"1169",2956,0.951394962278567
"1170",2573,0.955443676062576
"1171",2659,0.716998473987244
"1172",2660,1.27485012143936
"1173",7106,1.40341148645746
"1174",10811,0.971322613348872
"1175",19475,0.925752980995043
"1176",27447,0.855465204101913
"1177",64846,1.29254298782699
"1178",2670,0.83408958203002
"1179",6765,1.06755998255706
"1180",2924,1.64599672437959
"1181",5506,0.507008205752563
"1182",2942,1.33092345332067
"1183",2944,0.579073263204071
"1184",5406,0.95964068108522
"1185",10831,0.292191004659031
"1186",14837,0.617565912415329
"1187",2946,0.96482512251295
"1188",10878,1.050010385518
"1189",51871,0.931107418666361
"1190",2947,0.926382978036059
"1191",2949,1.01730468499126
"1192",2950,0.206465682448457
"1193",2958,0.668233121847389
"1194",4958,0.248536607121054
"1195",2959,0.845780878719411
"1196",5087,1.27511645939522
"1197",10404,0.974262714681506
"1198",47739,1.02842365453499
"1199",2961,0.734477148260367
"1200",2964,0.201946242956772
"1201",2968,1.11938754004806
"1202",6928,1.1115009120694
"1203",2972,2.95769597051863
"1204",3498,4.38844746054152
"1205",10880,1.1027527613975
"1206",20276,1.17217596674141
"1207",48428,1.03115987101785
"1208",2973,0.896889109390223
"1209",2974,0.00605264286204729
"1210",2985,1.92872990016855
"1211",11016,0.836590906466335
"1212",51454,1.00341732266018
"1213",3067,1.15550169669335
"1214",3101,0.75548797528459
"1215",4231,0.862370250117874
"1216",3117,1.34366979304073
"1217",9042,1.04846243873723
"1218",16262,0.841661450844829
"1219",28849,1.10472074997311
"1220",3179,0.440318523004188
"1221",8363,1.38815514433094
"1222",3217,1.02948143214234
"1223",4337,0.817338103913883
"1224",13977,1.65165269005023
"1225",3223,1.13642134790604
"1226",7855,0.943470309074029
"1227",8361,1.06063170939968
"1228",13007,1.00995146065328
"1229",14365,1.02974146492152
"1230",3232,1.14395084703766
"1231",7105,1.04071386385967
"1232",3257,1.49935813291499
"1233",13413,1.36865735246625
"1234",31778,0.800781584060695
"1235",3270,1.21632897350755
"1236",3271,1.20158891249772
"1237",6355,0.99999612498735
"1238",7945,0.898599472956895
"1239",10086,0.850944541558918
"1240",11800,1.09373010900112
"1241",12839,0.910712003364178
"1242",13610,1.14277024323634
"1243",13892,1.01178665811488
"1244",22409,1.03420078914402
"1245",22411,0.781444048965367
"1246",27667,1.2984921413459
"1247",37283,1.05930235289876
"1248",53239,1.14899072225517
"1249",55998,0.936464814539392
"1250",3283,1.06646968789072
"1251",12789,1.44990049776284
"1252",3329,1.57594386641921
"1253",37963,1.06858476795639
"1254",3330,1.7996552292073
"1255",10002,0.866681693805294
"1256",25455,1.15305314117509
"1257",3359,1.43536044224751
"1258",3363,1.71220429477879
"1259",3830,1.25246043969072
"1260",6495,1.04061912065072
"1261",6496,1.01940994089516
"1262",9455,1.04610292836586
"1263",10014,1.04906293276984
"1264",11581,0.965050921526197
"1265",11583,1.19359347526597
"1266",14403,0.715668851563874
"1267",16206,0.637345012415115
"1268",16248,1.08223549161295
"1269",18040,1.81025746139923
"1270",18052,0.907869547446054
"1271",24550,1.35555502176836
"1272",33355,1.44187586327377
"1273",37220,0.922043282746557
"1274",48654,0.823164318348677
"1275",48655,1.00716129334215
"1276",48656,1.21310103840204
"1277",50434,1.42840886049893
"1278",51915,1.31183266377049
"1279",51925,0.9133254306394
"1280",3402,0.171773968419159
"1281",15749,1.16551619262058
"1282",3489,0.88617201887146
"1283",3523,0.82420256681009
"1284",3601,1.03615148381748
"1285",9749,1.12874555306058
"1286",35617,0.695342274550369
"1287",3633,0.724820199269834
"1288",10109,1.03014338171159
"1289",27770,1.04397438568467
"1290",3648,0.883365264329008
"1291",7922,1.15090529116581
"1292",12807,0.787768522548996
"1293",20187,1.24219779087791
"1294",22876,1.13854228811703
"1295",23619,1.0696225859615
"1296",39433,0.90191859076863
"1297",3650,1.02872680084656
"1298",10113,4.71091827255948
"1299",3758,0.915757036504233
"1300",14656,1.0075232734087
"1301",3766,1.28830415827932
"1302",10797,1.49798785305343
"1303",24076,0.671462874190912
"1304",3774,3.29089632507874
"1305",10932,1.03442340735181
"1306",25965,1.11321558377289
"1307",3782,0.453974454217204
"1308",11037,0.537867993606274
"1309",3786,2.30730779032166
"1310",4346,1.93107187072473
"1311",5745,1.28698290444859
"1312",52019,0.97877893359275
"1313",3802,0.520602374302298
"1314",3804,2.688651379883
"1315",6399,1.17347247988806
"1316",8856,1.68490444985641
"1317",26460,1.53204800628893
"1318",46104,1.88660463018448
"1319",52989,1.10890747804474
"1320",3831,0.859958562290843
"1321",3851,1.22742871111937
"1322",14424,0.850589063341699
"1323",14427,0.830317644643505
"1324",16023,0.86854124058985
"1325",3950,0.273890018050172
"1326",3964,0.457502583305082
"1327",5475,0.688180777643661
"1328",3969,0.158178756577706
"1329",3988,0.237367196154274
"1330",8553,0.406993520626221
"1331",4006,0.212155645979967
"1332",4008,0.445894903338978
"1333",4021,0.374184854015249
"1334",4051,0.74398197723819
"1335",8710,0.808711793201166
"1336",43400,0.933718211965027
"1337",4057,0.41537816675001
"1338",4061,0.604251667702075
"1339",43843,1.11490878240306
"1340",4069,0.351789828484467
"1341",4076,1.16047853223865
"1342",16396,1.27520884037116
"1343",4091,2.46923666979598
"1344",8494,1.76144302070474
"1345",12134,1.00667052611434
"1346",4108,1.40674448088352
"1347",10600,1.800714810496
"1348",4144,1.36053153882482
"1349",8283,0.971561523805518
"1350",8857,0.955914929344989
"1351",15412,1.0337744718904
"1352",4207,0.952481914673902
"1353",4214,1.41420120525164
"1354",11719,0.759013473904681
"1355",43317,1.0778939479916
"1356",4223,1.65690948990131
"1357",14621,1.74579951538917
"1358",44826,0.860150645364491
"1359",4251,1.79131030716071
"1360",4255,0.480315638700602
"1361",9008,1.24253360381868
"1362",4310,0.559648485307738
"1363",14629,0.290682389904568
"1364",4357,1.36089820390862
"1365",8148,1.03698593273742
"1366",28957,0.993763631154674
"1367",4359,1.15841832326496
"1368",11754,1.09513996327678
"1369",42086,1.02939268622164
"1370",4373,0.894617594651151
"1371",4495,1.06049114355905
"1372",7987,1.26843530089049
"1373",4526,0.761246297948375
"1374",21947,1.01374334712306
"1375",48430,0.902249910140639
"1376",4544,0.801413708317725
"1377",4556,1.32069538483355
"1378",4647,1.3091695773923
"1379",10627,0.649271433832019
"1380",24070,1.1091216749135
"1381",37320,1.05297932644065
"1382",4715,0.129863505906241
"1383",4716,0.0136853187947433
"1384",4717,1.17186060630225
"1385",23679,0.863624011399704
"1386",51782,1.24505029642782
"1387",4784,1.14994351788081
"1388",4860,1.73140734626554
"1389",9436,1.12472379201537
"1390",9439,1.10633178615819
"1391",9441,1.58670595856647
"1392",11601,1.00475277298627
"1393",11602,0.611029310059781
"1394",14907,1.41641630154693
"1395",15432,1.65409175417524
"1396",18078,1.12324208235326
"1397",20630,1.38274086068147
"1398",36078,1.55567958747779
"1399",39846,1.57524360490751
"1400",52268,1.36019496739985
"1401",52274,1.01612979302867
"1402",69230,1.06013454172214
"1403",4925,0.929686089347298
"1404",12744,1.36197260510296
"1405",4991,1.05142835346929
"1406",8193,0.935941928664244
"1407",41188,1.50574640071335
"1408",42737,1.21328325159968
"1409",5022,0.683782682717736
"1410",5051,1.0979695519299
"1411",10339,0.999569844387844
"1412",5054,0.347386273314353
"1413",5088,0.948740937996906
"1414",5131,1.37686746157247
"1415",12403,0.933872942656698
"1416",30822,1.3072264252619
"1417",5137,0.428472545083409
"1418",5155,1.2735724415264
"1419",10507,0.98877259147763
"1420",22276,1.69336761910761
"1421",52963,1.41670823991592
"1422",5159,1.10893621670238
"1423",5161,1.16092367461248
"1424",25939,1.13635387251408
"1425",5234,1.2014165436052
"1426",8249,0.85489892812553
"1427",16742,1.24059669206309
"1428",18712,1.33814031886122
"1429",5334,1.35458680807757
"1430",8171,1.00574827805567
"1431",16307,1.73412081203352
"1432",5345,0.308643339454078
"1433",12374,0.484866529282657
"1434",32244,0.79064772641074
"1435",5349,1.07284705414481
"1436",13193,1.08238566218383
"1437",23002,0.964729150409272
"1438",45713,1.18132889499119
"1439",5365,2.19467099802851
"1440",13011,1.18301959994397
"1441",22533,1.09304977911071
"1442",48792,1.04493773000685
"1443",5373,1.16378998794214
"1444",29992,1.12830611535909
"1445",5424,1.02754998041482
"1446",5472,2.14970231998138
"1447",11469,0.842711561145537
"1448",47016,1.13808298631333
"1449",5473,1.19260697116126
"1450",29329,0.604882485255602
"1451",40313,1.06193571789585
"1452",5482,3.05472969071523
"1453",18818,1.14127152723941
"1454",51582,0.920145528995975
"1455",5483,1.05623433747139
"1456",9416,1.08891535307155
"1457",5485,1.13634983708255
"1458",5516,0.19859799550756
"1459",5528,1.51007467513207
"1460",11965,1.04000586545375
"1461",5534,1.02460174306836
"1462",5558,0.723335968070833
"1463",12074,2.6167043471107
"1464",5587,10.3899486115029
"1465",13258,1.83011974420232
"1466",26722,2.16014158811023
"1467",44364,1.1162675859449
"1468",5605,1.11348053190928
"1469",14962,1.26301516353408
"1470",5627,0.355362236081891
"1471",5634,0.787600210666236
"1472",5656,1.37634058316194
"1473",16611,1.33580686643021
"1474",5688,0.939481417381162
"1475",5689,1.14828201929274
"1476",10350,0.87928873535547
"1477",5725,0.995361402980781
"1478",22891,2.20000643711975
"1479",54168,0.860188391895801
"1480",5768,0.960807703620271
"1481",15022,0.907382811988811
"1482",22512,1.25650787150245
"1483",32423,1.3132399052237
"1484",5871,1.21468418072944
"1485",9017,1.19868286813945
"1486",26444,0.955138054184505
"1487",47327,0.7350594606789
"1488",64754,1.14495881498138
"1489",5946,1.52010247396193
"1490",12800,0.565190564728019
"1491",5948,1.50316404327928
"1492",12323,0.9453324367551
"1493",29147,1.54915988826072
"1494",49364,0.899613558038528
"1495",5951,0.714155591818506
"1496",14010,0.785460316601398
"1497",5966,0.896982128320431
"1498",5980,1.17379458728751
"1499",11963,0.805195029132977
"1500",37250,1.05594551350328
"1501",5996,0.0667917480142341
"1502",13947,0.426821326425922
"1503",6019,0.775702719748297
"1504",6036,0.947410106876233
"1505",20318,0.860042209531293
"1506",43046,0.945241587671542
"1507",49003,1.03846472207915
"1508",52586,1.07127353783755
"1509",6097,1.35398574524472
"1510",17394,1.27788938483968
"1511",6153,1.22671439246665
"1512",23932,0.87609722394801
"1513",6168,0.380101676912474
"1514",10944,0.739549790785091
"1515",6185,1.23877900258952
"1516",12143,1.21447975744848
"1517",6190,1.24375588184766
"1518",12732,1.72686660681404
"1519",19158,1.5678626798509
"1520",20760,0.906565299015864
"1521",39312,1.18824932323087
"1522",40665,1.06925661516362
"1523",47319,0.775930021015081
"1524",47329,0.978230178757306
"1525",53676,1.12905356453426
"1526",6238,2.4449391243037
"1527",9171,1.17302505969077
"1528",18692,0.810090911304671
"1529",6439,0.832581173512942
"1530",6450,0.804212285500483
"1531",6462,1.84453004672583
"1532",30029,1.11971657786409
"1533",6477,0.553745094277663
"1534",6480,0.102427302546042
"1535",6487,0.704525775580762
"1536",6505,0
"1537",6565,1.66391240665077
"1538",14986,0.971253263203613
"1539",30637,0.877976607936867
"1540",6577,1.26564671518697
"1541",10358,2.94634551917688
"1542",21352,1.93761834634842
"1543",38060,1.29730225254745
"1544",48336,1.23454425088242
"1545",6586,0.608677484341317
"1546",6619,0.828798919287439
"1547",6713,0.223621773167884
"1548",13259,0.697422063265725
"1549",6724,0.55284705376678
"1550",19810,0.354497978792326
"1551",26725,0.404913335407485
"1552",6747,1.23626675418149
"1553",14248,1.33253833373161
"1554",21362,1.01998034539256
"1555",6786,1.16770166808947
"1556",13586,0.971443454739983
"1557",31753,0.984125050670286
"1558",31755,0.969111398111873
"1559",39938,0.995262299369718
"1560",6894,0.628524485697616
"1561",6968,0.826951146662606
"1562",6971,0.933748318196037
"1563",12910,1.44047597729057
"1564",42207,1.38703555481034
"1565",7042,0.398750324272229
"1566",7082,0.970342287804342
"1567",12124,1.13509431360611
"1568",7131,0.309899676773221
"1569",7141,0.567906679850248
"1570",7177,1.85414195099372
"1571",7214,0.525898816627492
"1572",14287,0.256824425711261
"1573",7218,1.61277522402078
"1574",29071,0.751645749813203
"1575",7223,1.51799720851774
"1576",25735,1.11444312261999
"1577",54458,1.01363255375289
"1578",7224,1.12170715570157
"1579",7234,1.29828686057636
"1580",14025,1.36247443591703
"1581",39480,1.03580434409041
"1582",7253,0.751814659885108
"1583",13448,1.62895883947823
"1584",56181,1.10199565053257
"1585",7259,0.271002936858427
"1586",7264,1.6382649201759
"1587",17496,1.34982959406491
"1588",48136,1.47640879624676
"1589",7286,3.11421613164138
"1590",19619,1.77941864834908
"1591",48310,1.00426425450152
"1592",7334,1.37146891943764
"1593",20142,2.09416487272547
"1594",7338,0.633687278825989
"1595",8889,0.962228513323483
"1596",11680,0.77692387872505
"1597",13507,0.929348495235041
"1598",7371,0.573779738063405
"1599",41673,0.877820306443237
"1600",7412,0.88258086142886
"1601",7414,3.56127041687238
"1602",15715,1.14964160890475
"1603",44184,1.13122737068517
"1604",7465,1.3942914316061
"1605",20176,0.738266385335019
"1606",49129,1.03895877573353
"1607",7474,1.01715324236626
"1608",10753,1.01445392170549
"1609",15931,0.953226665740307
"1610",21342,1.13892121526396
"1611",31838,1.07449680686864
"1612",49033,1.26679277358714
"1613",7563,1.14965773803903
"1614",25199,1.05403419330852
"1615",7587,1.06454393455148
"1616",35017,0.852423561662212
"1617",7651,1.14150137908676
"1618",40152,1.04453465919028
"1619",7657,0.889142348083157
"1620",14880,2.53632713867436
"1621",24894,1.05320267457266
"1622",45416,1.66844025166404
"1623",54318,1.41010888045553
"1624",7700,0.956370260979707
"1625",37602,1.23377434446175
"1626",36206,1.38673264056447
"1627",7761,1.09907558917899
"1628",12973,1.45648693164206
"1629",18530,1.14056476323612
"1630",24294,1.12011463341364
"1631",25511,1.11987695149614
"1632",25515,1.1245966521404
"1633",25516,1.17839321148515
"1634",35988,1.17110186698423
"1635",44392,1.03199176277814
"1636",48488,1.02876039860515
"1637",49304,1.63906436384854
"1638",49307,1.061144604686
"1639",53646,1.02400923259153
"1640",53910,0.987297225366945
"1641",53912,0.927282723144836
"1642",53913,0.93871109237516
"1643",53915,0.969703271115048
"1644",78143,0.926157577266077
"1645",7762,0.570469342084443
"1646",16146,1.56806376106612
"1647",32819,1.21691706925828
"1648",7771,0.289435594263577
"1649",7791,0.208536290826677
"1650",7831,0.729638941221557
"1651",30649,2.19379329723794
"1652",7866,0.637156034380974
"1653",14910,0.713286971579327
"1654",7877,0.847216958451727
"1655",7885,3.02110582404958
"1656",8029,1.21115536945475
"1657",8051,0.58369336300667
"1658",17426,0.662407435451244
"1659",8053,1.78829954500842
"1660",26679,1.02931642975037
"1661",8093,0.525442375046697
"1662",8094,1.21305399790321
"1663",8106,0.700648074450037
"1664",15777,0.734845715821198
"1665",8147,1.32479761862945
"1666",10333,1.13474844276995
"1667",13601,1.15706415748132
"1668",15942,1.10830098368715
"1669",18076,0.69983883620105
"1670",30268,0.54480904117706
"1671",41911,0.129605598533169
"1672",53670,0.812588199704783
"1673",8165,1.0678396538288
"1674",14091,1.05276438460124
"1675",8215,1.5011356328992
"1676",11400,1.86772459967792
"1677",40053,1.46995626039433
"1678",8217,1.25389499943737
"1679",8220,1.26775292234342
"1680",8239,1.1602360979969
"1681",8266,0.780901857993181
"1682",8267,0.585792401208017
"1683",8295,0.954313642965472
"1684",8342,0.980766799464645
"1685",28743,0.770870931518917
"1686",8366,1.24492459476698
"1687",20414,1.24210977645099
"1688",48057,1.19611324579921
"1689",8391,1.15177090185685
"1690",8398,1.0067757392527
"1691",35224,1.17366098764905
"1692",8410,0.932225675136109
"1693",18452,0.842672609244267
"1694",8460,0.34274236839502
"1695",18783,0.602081834430957
"1696",8700,1.62629647641423
"1697",8701,0.744044283676906
"1698",46721,1.91167518228897
"1699",8734,1.19575981831747
"1700",8735,1.03770577415613
"1701",33547,1.2531823694382
"1702",8758,1.10166149688978
"1703",24723,0.945752447920773
"1704",8813,1.24118172335861
"1705",22141,1.28019493893306
"1706",27956,1.0319247881187
"1707",8814,0.236531936432907
"1708",43184,1.04762467771414
"1709",8821,0.537561940985638
"1710",8880,0.667569802285286
"1711",16397,1.27521257560742
"1712",8893,1.16296500674473
"1713",12889,0.758399360263022
"1714",27475,1.16380808837702
"1715",8894,0.943695289392816
"1716",33865,1.09960140681683
"1717",8902,0.656036532558148
"1718",8979,0.667175821494811
"1719",8998,1.25630647438742
"1720",49663,1.47896852891451
"1721",9047,1.76118754957541
"1722",22412,1.5393175324885
"1723",9058,0.765567437511518
"1724",9150,0.940267290336486
"1725",13796,0.547576580882175
"1726",9203,0.677663367876395
"1727",18833,0.433254136483537
"1728",9212,1.35546490804252
"1729",27087,1.04778257368108
"1730",9513,0.862281445906593
"1731",9538,0.357349480591098
"1732",9549,1.53071779998132
"1733",22452,1.31932548739464
"1734",38953,1.1468275185761
"1735",50761,0.961253230288482
"1736",55663,0.879423302107961
"1737",9622,0.199378001604703
"1738",9651,1.64895848800224
"1739",9657,0.872808479121698
"1740",29484,0.67992145571715
"1741",9767,0.99847722008159
"1742",9789,0.753972366895627
"1743",24045,1.68560193957482
"1744",9883,0.462450816903413
"1745",18977,0.456426834354063
"1746",9933,1.12248949833853
"1747",19880,1.29495035391473
"1748",45368,1.31769915066667
"1749",58037,0.923886977243149
"1750",9940,1.00385103358033
"1751",22991,0.962927552991934
"1752",45439,1.31133198494867
"1753",9947,1.38696679742145
"1754",26933,1.03955517251907
"1755",54011,0.86876311346885
"1756",10003,1.21036269953943
"1757",27878,0.534034507360329
"1758",43987,0.792177087162758
"1759",10005,0.247275492220195
"1760",14933,0.402566037752375
"1761",10010,0.681741220189107
"1762",24408,0.820133220754761
"1763",10054,0.434781458489462
"1764",10069,1.95088306464373
"1765",23467,1.20659059105905
"1766",38302,1.28116079064674
"1767",43991,1.28485830346331
"1768",52342,1.26649973802304
"1769",56684,1.02279062830064
"1770",10097,1.08803621629275
"1771",24847,1.28561856352943
"1772",10106,0.942893909614442
"1773",10111,0.416532495057204
"1774",10165,1.75315927653778
"1775",10170,0.844453286124366
"1776",16011,0.845604315763024
"1777",10183,0.489260648049452
"1778",10204,2.24635628705154
"1779",17107,0.900874462840838
"1780",10210,1.01925236617332
"1781",21133,1.05687245744718
"1782",44879,0.940830012264687
"1783",10217,1.19010127253331
"1784",10293,0.536695571511373
"1785",10308,0.865133636039885
"1786",10317,0.837298907795173
"1787",18454,1.50673582687448
"1788",23807,1.13428682012101
"1789",10354,1.1157408846772
"1790",33947,1.18348081576506
"1791",10368,1.57358114518451
"1792",24087,1.26352191988033
"1793",10371,0.975357437175547
"1794",10372,1.05934116059151
"1795",10415,0.664195632730497
"1796",16302,0.348586413001697
"1797",10445,0.829957027351127
"1798",18309,0.975538394394448
"1799",22771,1.03737580892686
"1800",51229,1.01918929770835
"1801",10580,1.10632794926588
"1802",10603,1.98410614078744
"1803",36302,1.01751771398643
"1804",10605,0.887579843154253
"1805",10663,0.750503738092969
"1806",24849,0.90928914585781
"1807",10693,0.54299652749514
"1808",26019,1.06662394147292
"1809",10714,2.1553543961432
"1810",19574,2.39812513784397
"1811",39022,1.47336275367564
"1812",10746,0.70700909226816
"1813",10795,0.640659634485208
"1814",10814,0.55863079434169
"1815",10832,2.00198771617194
"1816",10852,1.49520181759212
"1817",25873,1.14301984819751
"1818",51800,1.08274826612681
"1819",10858,0.912287038798546
"1820",10910,0.218910195883307
"1821",10913,0.686185166070024
"1822",48858,0.926347830296869
"1823",10985,0.930107220809095
"1824",15977,1.30217312338464
"1825",11003,1.44928840929389
"1826",11008,1.48556079415313
"1827",29258,0.785140713959478
"1828",11018,0.597738767099977
"1829",11164,0.0721383848430285
"1830",11249,1.24512454121218
"1831",11396,0.755427121583553
"1832",35237,0.937335965052487
"1833",16152,0.403107075480693
"1834",11776,3.34036437741161
"1835",21423,0.973053757011731
"1836",32275,1.03355656601914
"1837",41885,1.44515318368111
"1838",55301,0.894919114686747
"1839",11795,0.715409403179049
"1840",11896,1.29159614251701
"1841",11923,0.608868411716492
"1842",12186,0.915803233435895
"1843",15572,0.762104138180906
"1844",12229,0.735339644744665
"1845",12230,0.998454931160289
"1846",12250,0.434684789467278
"1847",22451,0.961326086569073
"1848",12261,1.02531821809867
"1849",12296,0.325518649897948
"1850",12333,0.581851625287092
"1851",12342,1.29734430837405
"1852",12386,1.42821944033335
"1853",25502,1.09352569318759
"1854",12415,0.956305324370832
"1855",18031,0.837795254587283
"1856",31152,1.06108532973088
"1857",56529,1.16884074412276
"1858",56530,1.12899337923752
"1859",12730,1.17065521570512
"1860",12767,1.70612793303994
"1861",42614,1.08756505083254
"1862",12778,1.05069113463058
"1863",12808,0.863212974564244
"1864",30939,1.09615410314501
"1865",12864,1.1225381306138
"1866",44265,1.25075891556342
"1867",13014,0.96779024623231
"1868",31431,1.15319704937153
"1869",13047,0.832952831956871
"1870",13140,1.18429578694788
"1871",13143,0.246070177255013
"1872",30030,1.09505767554518
"1873",13200,1.84198246723433
"1874",35660,1.15318342826304
"1875",13206,2.17415916086586
"1876",21422,0.845891534122158
"1877",13288,0.618109727413141
"1878",13296,1.4218044868778
"1879",38625,0.786283256110483
"1880",13318,1.2763129213176
"1881",32636,1.40880852976438
"1882",13319,1.06786936415242
"1883",38164,1.12959746722009
"1884",13347,0.929939648598608
"1885",39330,1.23268066480415
"1886",13483,0.868166918357421
"1887",19394,0.917557539540725
"1888",44525,1.07171065476438
"1889",13538,0.774644548601281
"1890",23404,0.681572547769098
"1891",13704,0.981097134573526
"1892",25703,1.15979476492374
"1893",13711,1.29078062099015
"1894",51466,1.27198974190279
"1895",13723,1.26139458295753
"1896",32461,1.29365109976489
"1897",13768,0.149967217394604
"1898",13803,0.90285239997412
"1899",13870,0.934607922555881
"1900",39486,1.44075201586599
"1901",13975,1.55469561588666
"1902",39598,1.64065809036102
"1903",14083,0.895712089505749
"1904",14103,1.575003808029
"1905",14106,1.44354257977568
"1906",56566,1.37791542962885
"1907",14167,1.44236665712214
"1908",29940,1.91469392848043
"1909",14179,0.85211333813894
"1910",14269,1.06560297146474
"1911",22636,1.65253827039107
"1912",46029,1.2068634363055
"1913",14285,0.991029844595224
"1914",14430,0.667581660917486
"1915",14443,1.2197625579647
"1916",14537,1.3208257698273
"1917",46167,1.31593086218197
"1918",14631,0.882758292051375
"1919",14737,0.515175737854125
"1920",14768,0.561031838206024
"1921",14769,1.28387885790644
"1922",14869,0.603082100638094
"1923",14884,0.835821946679337
"1924",14924,0.570026940488602
"1925",14941,1.29619188321779
"1926",14995,1.06766532484974
"1927",15158,0.768725474850467
"1928",15159,1.35623998881502
"1929",45200,1.13752491333867
"1930",15169,0.489308603252986
"1931",15334,0.631436392918101
"1932",15364,0.944181752846859
"1933",15562,1.20875462104263
"1934",15607,0.83146040838098
"1935",48474,1.15972052096695
"1936",15681,1.15605864360284
"1937",15708,0.938685909813107
"1938",30475,1.36019931745734
"1939",15954,1.04847068590617
"1940",16012,0.940289268537606
"1941",17838,0.372905080516448
"1942",24270,1.63695520874137
"1943",16148,0.763600343267115
"1944",40664,1.20765976738873
"1945",16154,0.949745227736592
"1946",28434,0.896240078486722
"1947",48955,1.26373717369636
"1948",16454,1.16671554495372
"1949",18447,1.12670215542903
"1950",26216,1.20300353225498
"1951",16483,1.4001069040992
"1952",48746,1.16343901382992
"1953",16523,0.832170025872014
"1954",16555,0.85065307362288
"1955",41569,0.969772440580784
"1956",16576,1.27997919718169
"1957",16600,0.964677587289653
"1958",16647,1.38284865919801
"1959",42908,1.04145211590974
"1960",16664,0.9016608584201
"1961",44450,1.5698596429456
"1962",16665,0.965831274402227
"1963",42576,1.32703421663254
"1964",16801,1.09849906850963
"1965",16817,1.42790774293305
"1966",28869,0.953643942986407
"1967",16836,0.703900344504174
"1968",16942,1.31240819842197
"1969",55396,1.02136647885103
"1970",16974,1.05720263807189
"1971",24331,1.18418583327745
"1972",17041,1.01927078503447
"1973",17075,1.04347346871103
"1974",17509,0.628421415539112
"1975",17539,1.26471293617749
"1976",17565,1.00659699304393
"1977",17909,1.17260642172368
"1978",21824,1.38464260942808
"1979",18046,0.556350872530133
"1980",18081,1.04395125367652
"1981",18205,0.886853902218932
"1982",18212,1.18335397125591
"1983",43355,1.02898805624377
"1984",54568,1.03955541153464
"1985",18240,1.10172063399662
"1986",20250,1.05726458371655
"1987",18261,1.12356568907178
"1988",18296,1.47243397000269
"1989",18343,1.33817789791162
"1990",18344,1.03485346462394
"1991",18373,0.688308554847581
"1992",18388,1.2155419817906
"1993",50610,0.868935362389805
"1994",18407,0.690201176818372
"1995",18498,0.645529560414972
"1996",18775,0.912275599814607
"1997",18812,0.820186618360032
"1998",38087,1.14119130550166
"1999",18817,1.28291922475757
"2000",22448,1.05639998870715
"2001",44945,1.4061906868452
"2002",18851,1.25140784244706
"2003",18858,0.59770848069282
"2004",18972,0.785480866207117
"2005",19039,1.03742763588014
"2006",19120,1.15143316648657
"2007",19645,1.24646334858372
"2008",48993,1.2541771315872
"2009",19790,1.07332150711325
"2010",19958,1.08500381043259
"2011",38985,1.15000553621499
"2012",55354,1.08672495569559
"2013",20120,1.43644390048974
"2014",20161,1.08945854600089
"2015",20191,0.509578298926335
"2016",20322,1.10729894591671
"2017",36298,1.00631536440285
"2018",47681,1.19326042780523
"2019",50680,1.20620732605822
"2020",54234,0.960399305542262
"2021",20416,0.859821769283791
"2022",20423,1.16681309845465
"2023",45982,1.1386865015508
"2024",20502,1.13781437286465
"2025",20526,1.33241676274182
"2026",48727,1.08468590472583
"2027",20648,0.656579264316924
"2028",22318,0.585686676179187
"2029",42864,1.05803379668748
"2030",20925,1.39898222159075
"2031",53791,0.875638786507398
"2032",20941,0.720801736208859
"2033",21082,0.826608841176557
"2034",21197,0.860403076361547
"2035",21217,0.954875557607043
"2036",21241,1.24261680817019
"2037",47908,1.27921765163774
"2038",47909,1.21788302345918
"2039",21363,0.932593880113248
"2040",46408,0.745894656783772
"2041",21430,1.05005169743002
"2042",21672,2.1972010659387
"2043",21844,1.20004563390393
"2044",21972,0.454972730528582
"2045",24816,0.916432364199906
"2046",22055,1.20999335803694
"2047",22173,1.07879185383392
"2048",39485,1.6876247434465
"2049",22230,1.16072135912523
"2050",22236,0.79116887216327
"2051",22289,1.31305512484385
"2052",22356,0.577125829060113
"2053",22414,0.936607106785584
"2054",45899,0.94786053610504
"2055",22419,0.150107972377378
"2056",22420,2.01410265324799
"2057",22487,1.09425584553124
"2058",52548,1.20019550562863
"2059",22791,1.34749580809128
"2060",22806,2.07420540493944
"2061",56507,1.77412134607256
"2062",22815,1.14668068985042
"2063",23028,1.63476790435682
"2064",51173,0.848040757846937
"2065",72525,1.28031720591934
"2066",23115,1.98515769779974
"2067",23195,1.06766513538165
"2068",23254,0
"2069",23377,1.15517444280712
"2070",23489,0.958533058436705
"2071",51748,0.831284705851588
"2072",23526,1.08548079392022
"2073",23577,1.00907232438066
"2074",29240,1.22800549336002
"2075",37918,1.45512471985695
"2076",23650,0.643692808975567
"2077",23861,0.730858852624931
"2078",49784,1.06775235044923
"2079",23979,0.985942502462946
"2080",24009,0.3445846118196
"2081",24125,1.1658056029423
"2082",24359,1.39980455004864
"2083",25090,0.574077295546196
"2084",25188,0.42022522998343
"2085",50271,1.34667208183286
"2086",25206,0.774384969634464
"2087",53740,0.727992809775777
"2088",25223,0.983372583833494
"2089",54012,1.07583930479889
"2090",25271,0.671352209759839
"2091",44882,1.2352590542876
"2092",25299,1.17919514621735
"2093",25360,1.49866178447109
"2094",25548,0.41860306535637
"2095",25559,1.51292513379158
"2096",25759,0.585463847537814
"2097",54718,1.17412836127826
"2098",26091,0.344389957038673
"2099",26499,0.724911815757208
"2100",50150,1.36362702620697
"2101",26631,0.988968588032986
"2102",55449,0.709380090471186
"2103",26824,2.50324373573181
"2104",27312,1.07950795048354
"2105",27479,1.6711081188199
"2106",56743,1.12873885139479
"2107",62412,0.717060618704566
"2108",27725,2.66343102796239
"2109",55570,0.934433791427928
"2110",28063,1.66891647456671
"2111",28146,1.26149420763904
"2112",28258,1.17162419149632
"2113",58220,1.62779822169429
"2114",28717,1.23409311909197
"2115",29019,1.23302498523933
"2116",29020,0.950216563971142
"2117",29129,1.10660391817398
"2118",29200,0
"2119",29431,0.856507361969104
"2120",29654,1.08968561803853
"2121",29767,2.09550153723269
"2122",31698,1.16068172178417
"2123",29862,0.961943162520809
"2124",30165,0.933537981035001
"2125",30224,0.99368902110939
"2126",30312,1.43728251921769
"2127",30468,1.0811130020111
"2128",45176,1.05349383642689
"2129",30610,0.835618315268993
"2130",30905,1.2899094637573
"2131",31048,0.788415407492124
"2132",31151,1.12350776994549
"2133",51961,1.21269462463069
"2134",31323,1.24548352502962
"2135",31345,1.39487070850157
"2136",31349,1.62459636951826
"2137",54937,1.26536083445137
"2138",32118,0.738369201452267
"2139",32197,0.990703303345948
"2140",32975,1.08762356571799
"2141",33213,1.25981502460001
"2142",33352,0.746261461011768
"2143",33701,1.70504963247071
"2144",63413,1.31729470279842
"2145",34370,0.927085226068217
"2146",34382,1.18392553941396
"2147",34880,1.34167664349404
"2148",35319,0.991039045151842
"2149",35503,1.03738819768096
"2150",35551,1.21359452785682
"2151",35558,0.699579232113375
"2152",35584,1.17207917199954
"2153",35624,1.26876726546498
"2154",35980,1.33739442558304
"2155",55861,1.32217801737685
"2156",36194,3.16908675921363
"2157",36202,1.30871387538471
"2158",36701,1.07634192559487
"2159",52289,1.20530575522974
"2160",36733,1.07790168413139
"2161",51815,1.09717932136394
"2162",36835,1.1604931339412
"2163",37139,0.847052243744731
"2164",37210,1.35443114366454
"2165",39140,0.517488996609607
"2166",44333,1.18994360710171
"2167",37215,1.02670299690113
"2168",37295,1.02658052254513
"2169",37399,0.955868731895995
"2170",37904,1.74110246456115
"2171",37948,1.021731935704
"2172",38202,1.44042306439754
"2173",38208,0.958115182715501
"2174",38553,1.37873068434318
"2175",38621,1.11285891828355
"2176",38717,0.881411671191202
"2177",39603,1.49722801317253
"2178",39769,1.24057098351985
"2179",39796,0.692239052982692
"2180",40289,1.08996712086198
"2181",41027,1.04292469582872
"2182",41342,0.765407653618172
"2183",41688,0.98532864179152
"2184",41952,1.0617132204437
"2185",42096,0.816169283418189
"2186",42153,1.46868548062905
"2187",42155,0.777281059860096
"2188",42378,1.25791260525982
"2189",42631,1.36617819835019
"2190",42667,0.915182784905234
"2191",42980,1.21244582140596
"2192",43506,1.50716489516838
"2193",43662,1.35876953711982
"2194",43780,0.990465665580953
"2195",43830,0.80950197878112
"2196",43971,0.798652706815142
"2197",44437,1.22045451755403
"2198",44514,1.31822016093807
"2199",69329,2.43247543493926
"2200",44693,1.33416960564247
"2201",44912,1.43571546623647
"2202",44927,0.863208460025247
"2203",45115,0.488215091475894
"2204",45130,1.03971645559516
"2205",45287,0.839755743837759
"2206",45704,1.39983473249729
"2207",46184,1.10097655164207
"2208",46476,1.12357369692544
"2209",54650,1.03557670762765
"2210",46865,1.39525945179072
"2211",46997,1.00027296054143
"2212",47157,1.69465796281261
"2213",47641,0.560165753309851
"2214",47820,0.867690894305782
"2215",47979,1.19261617630328
"2216",48434,1.5980646771964
"2217",48666,1.24795415573164
"2218",48740,0.90690563771763
"2219",58033,0.981637417737901
"2220",48981,1.00809797151279
"2221",49070,1.27964072685589
"2222",63756,1.19411422468218
"2223",49386,0.935326767178571
"2224",49461,1.03255963363072
"2225",49769,1.3644691357766
"2226",50257,0.856313179538657
"2227",50925,1.01338924095153
"2228",50951,1.15993393453714
"2229",50954,0.945318017767614
"2230",51152,0.639917828053619
"2231",51875,1.06700318472071
"2232",52099,1.52551497941084
"2233",52107,0.663494559720097
"2234",52507,1.33360063992449
"2235",53022,1.04434842186505
"2236",53397,0.967749577743954
"2237",53534,1.40583293433061
"2238",58957,1.09810231927828
"2239",53874,1.18558180807279
"2240",54151,1.37609389921549
"2241",54801,1.02254919488684
"2242",54804,NA
"2243",54956,0.855295497607997
"2244",55798,1.00240930033594
"2245",55961,1.08670834554295
"2246",60514,0.997368287667442
"2247",67208,1.08944328191529
"2248",68349,0.706022013840207
